<?xml version="1.0" encoding="UTF-8"?>
<animations>
	<sequence id="boss_load" frameCount="2" speed="500" width="64" height="64">
		<!-- textures are loaded from textures.xml -->
		<frame texId="player_idle" />
		<frame texId="player_walk" />
	</sequence>
</animations>
<!--
<sequence id="name_of_seq" frameCount="3" speed="100" width="full_width" height="full_height">
textures are loaded from textures.xml
<frame texId="name_of_frame" />
<frame texId="name_of_frame" />
<frame texId="name_of_frame" />
</sequence>
-->
